{
	"partitions" : [
		{
			"name" : "Top",
			"pins" : [
				{
					"name" : "GPIO_0[0]",
					"strict" : false
				},
				{
					"name" : "GPIO_0[1]",
					"strict" : false
				},
				{
					"name" : "GPIO_0[2]",
					"strict" : false
				},
				{
					"name" : "GPIO_0[3]",
					"strict" : false
				},
				{
					"name" : "GPIO_0[4]",
					"strict" : false
				},
				{
					"name" : "GPIO_0[5]",
					"strict" : false
				},
				{
					"name" : "GPIO_0[6]",
					"strict" : false
				},
				{
					"name" : "GPIO_0[7]",
					"strict" : false
				},
				{
					"name" : "GPIO_0[8]",
					"strict" : false
				},
				{
					"name" : "GPIO_0[9]",
					"strict" : false
				},
				{
					"name" : "GPIO_0[10]",
					"strict" : false
				},
				{
					"name" : "GPIO_0[11]",
					"strict" : false
				},
				{
					"name" : "GPIO_0[12]",
					"strict" : false
				},
				{
					"name" : "GPIO_0[13]",
					"strict" : false
				},
				{
					"name" : "GPIO_0[14]",
					"strict" : false
				},
				{
					"name" : "GPIO_0[15]",
					"strict" : false
				},
				{
					"name" : "GPIO_0[16]",
					"strict" : false
				},
				{
					"name" : "GPIO_0[17]",
					"strict" : false
				},
				{
					"name" : "GPIO_0[18]",
					"strict" : false
				},
				{
					"name" : "GPIO_0[19]",
					"strict" : false
				},
				{
					"name" : "GPIO_0[20]",
					"strict" : false
				},
				{
					"name" : "GPIO_0[21]",
					"strict" : false
				},
				{
					"name" : "GPIO_0[22]",
					"strict" : false
				},
				{
					"name" : "GPIO_0[23]",
					"strict" : false
				},
				{
					"name" : "GPIO_0[24]",
					"strict" : false
				},
				{
					"name" : "GPIO_0[25]",
					"strict" : false
				},
				{
					"name" : "GPIO_0[26]",
					"strict" : false
				},
				{
					"name" : "GPIO_0[27]",
					"strict" : false
				},
				{
					"name" : "GPIO_0[28]",
					"strict" : false
				},
				{
					"name" : "GPIO_0[29]",
					"strict" : false
				},
				{
					"name" : "GPIO_0[30]",
					"strict" : false
				},
				{
					"name" : "GPIO_0[31]",
					"strict" : false
				},
				{
					"name" : "GPIO_0[35]",
					"strict" : false
				},
				{
					"name" : "GPIO_1[0]",
					"strict" : false
				},
				{
					"name" : "GPIO_1[1]",
					"strict" : false
				},
				{
					"name" : "GPIO_1[2]",
					"strict" : false
				},
				{
					"name" : "GPIO_1[3]",
					"strict" : false
				},
				{
					"name" : "GPIO_1[4]",
					"strict" : false
				},
				{
					"name" : "GPIO_1[5]",
					"strict" : false
				},
				{
					"name" : "GPIO_1[6]",
					"strict" : false
				},
				{
					"name" : "GPIO_1[7]",
					"strict" : false
				},
				{
					"name" : "GPIO_1[8]",
					"strict" : false
				},
				{
					"name" : "GPIO_1[9]",
					"strict" : false
				},
				{
					"name" : "GPIO_1[10]",
					"strict" : false
				},
				{
					"name" : "GPIO_1[11]",
					"strict" : false
				},
				{
					"name" : "GPIO_1[12]",
					"strict" : false
				},
				{
					"name" : "GPIO_1[13]",
					"strict" : false
				},
				{
					"name" : "GPIO_1[14]",
					"strict" : false
				},
				{
					"name" : "GPIO_1[15]",
					"strict" : false
				},
				{
					"name" : "GPIO_1[16]",
					"strict" : false
				},
				{
					"name" : "GPIO_1[17]",
					"strict" : false
				},
				{
					"name" : "GPIO_1[18]",
					"strict" : false
				},
				{
					"name" : "GPIO_1[19]",
					"strict" : false
				},
				{
					"name" : "GPIO_1[20]",
					"strict" : false
				},
				{
					"name" : "GPIO_1[21]",
					"strict" : false
				},
				{
					"name" : "GPIO_1[22]",
					"strict" : false
				},
				{
					"name" : "GPIO_1[23]",
					"strict" : false
				},
				{
					"name" : "GPIO_1[24]",
					"strict" : false
				},
				{
					"name" : "GPIO_1[25]",
					"strict" : false
				},
				{
					"name" : "GPIO_1[26]",
					"strict" : false
				},
				{
					"name" : "GPIO_1[27]",
					"strict" : false
				},
				{
					"name" : "GPIO_1[28]",
					"strict" : false
				},
				{
					"name" : "GPIO_1[29]",
					"strict" : false
				},
				{
					"name" : "GPIO_1[30]",
					"strict" : false
				},
				{
					"name" : "GPIO_1[31]",
					"strict" : false
				},
				{
					"name" : "CLOCK_50",
					"strict" : false
				},
				{
					"name" : "KEY[0]",
					"strict" : false
				}
			]
		}
	]
}